"serialnumber","listyear","daterecorded","town","address","assessedvalue","saleamount","salesratio","propertytype","residentialtype","nonuse.code","assessorremarks","opmremarks","location","assessedvalue_true"
80285,2008,"02/02/2009","New Haven","95 FOUNTAIN TER",162960,212,0.768679245,"Single Family","Single Family","","","","",232.8
80434,2008,"01/26/2009","New Haven","405 POPLAR ST",100380,130,0.772153846,"Single Family","Single Family","","","","",143.4
80540,2008,"04/13/2009","New Haven","380 WINTHROP AV",136500,110,1.240909091,"Single Family","Single Family","10 - A Will","","","",195
80698,2008,"06/23/2009","New Haven","29 BENTON ST",162190,247,0.656639676,"Single Family","Single Family","","","","",231.7
80050,2008,"10/21/2008","New Haven","657 WINCHESTER AV",138530,221,0.626832579,"Single Family","Single Family","","","","",197.9
80595,2008,"05/26/2009","New Haven","249 JAMES ST",118790,126,0.942777778,"Single Family","Single Family","25 - Other","AFFIDAVIT FILED BEFORE SALE, SPECIAL MORTGAGES BY GRANTEE","","",169.7
80658,2008,"06/11/2009","New Haven","60 PERKINS ST",129290,41,3.153414634,"Single Family","Single Family","13 - Bankrupcy","","","",184.7
80278,2008,"01/29/2009","New Haven","1425 QUINNIPIAC AV#107",86170,91,0.946923077,"Single Family","Single Family","13 - Bankrupcy","","","",123.1
80143,2008,"11/24/2008","New Haven","21 BAILEY ST",93520,55,1.700363636,"Single Family","Single Family","13 - Bankrupcy","","","",133.6
80147,2008,"11/26/2008","New Haven","184 KNEELAND RD",169470,265,0.639509434,"Single Family","Single Family","","","","",242.1
80670,2008,"06/15/2009","New Haven","615 FOUNTAIN ST",127820,108.5,1.178064516,"Single Family","Single Family","14 - Foreclosure","","","",182.6
80475,2008,"02/27/2009","New Haven","674 WINTHROP AV",144340,70.5,2.047375887,"Single Family","Single Family","13 - Bankrupcy","","","",206.2
80274,2008,"01/27/2009","New Haven","1423 QUINNIPIAC AV# 902",106890,110,0.971727273,"Single Family","Single Family","","","","",152.7
80521,2008,"03/31/2009","New Haven","147 LLOYD ST",128660,34.5,3.729275362,"Single Family","Single Family","13 - Bankrupcy","","","",183.8
80539,2008,"04/13/2009","New Haven","159 WEST ST",86940,41.088,2.115946262,"Single Family","Single Family","14 - Foreclosure","","","",124.2
80322,2008,"03/10/2009","New Haven","96 BROOKLAWN CIR",167930,190,0.883842105,"Single Family","Single Family","","","","",239.9
80239,2008,"01/09/2009","New Haven","393 WOODWARD AV",126000,220,0.572727273,"Single Family","Single Family","","","","",180
80308,2008,"03/05/2009","New Haven","559 WINTHROP AV",81270,46,1.76673913,"Single Family","Single Family","13 - Bankrupcy","","","",116.1
80551,2008,"05/08/2009","New Haven","1800 DEAN ST",167440,154,1.087272727,"Single Family","Single Family","14 - Foreclosure","","","",239.2
80671,2008,"06/15/2009","New Haven","615 FOUNTAIN ST",127820,75,1.704266667,"Single Family","Single Family","13 - Bankrupcy","","","",182.6
80324,2008,"03/16/2009","New Haven","146 FILLMORE ST",107240,35,3.064,"Single Family","Single Family","13 - Bankrupcy","","","",153.2
80220,2008,"12/29/2008","New Haven","221 BARNES AV",56280,87,0.646896552,"Single Family","Single Family","","","","POINT (-72.8749 41.32226)",80.4
80747,2008,"07/01/2009","New Haven","15 DIAMOND ST",120330,170,0.707823529,"Single Family","Single Family","","","","",171.9
80051,2008,"10/21/2008","New Haven","25 WILSON ST",67130,39.5,1.699493671,"Single Family","Single Family","13 - Bankrupcy","","","",95.9
80361,2008,"04/22/2009","New Haven","247 CONCORD ST",153020,100,1.5302,"Single Family","Single Family","13 - Bankrupcy","","","POINT (-72.89331 41.26462)",218.6
80307,2008,"03/04/2009","New Haven","40 FOXON HILL RD#2A",109410,85.1,1.285663925,"Single Family","Single Family","13 - Bankrupcy","","","POINT (-72.86365 41.33161)",156.3
80626,2008,"06/02/2009","New Haven","12 ALTON ST",90300,37.5,2.408,"Single Family","Single Family","13 - Bankrupcy","","","POINT (-72.90176 41.31289)",129
80638,2008,"06/05/2009","New Haven","56 HUNTINGTON RD#4",91070,64,1.42296875,"Single Family","Single Family","13 - Bankrupcy","","","",130.1
80003,2008,"10/01/2008","New Haven","15 CROFTON ST",163760,232,0.705862069,"Single Family","Single Family","","","","",233.942857142857
80227,2008,"01/02/2009","New Haven","107 BEVERLY RD",133490,185,0.721567568,"Single Family","Single Family","","","","",190.7
80715,2008,"06/26/2009","New Haven","41 KINGSWOOD DR",135940,190,0.715473684,"Single Family","Single Family","10 - A Will","","","",194.2
80352,2008,"04/20/2009","New Haven","20 BELLEVUE RD",124180,145,0.856413793,"Single Family","Single Family","","","","",177.4
80564,2008,"05/14/2009","New Haven","96 LEXINGTON AV",122850,137,0.896715328,"Single Family","Single Family","","","","POINT (-72.88737 41.30055)",175.5
80629,2008,"06/03/2009","New Haven","82 HALL ST",162750,233,0.698497854,"Single Family","Single Family","","","","",232.5
80080,2008,"11/03/2008","New Haven","25 WHITE ST",86940,35,2.484,"Single Family","Single Family","25 - Other","BELOW MARKET","","",124.2
80213,2008,"12/24/2008","New Haven","369 SHELTON AV",112700,60,1.878333333,"Single Family","Single Family","13 - Bankrupcy","","","",161
80007,2008,"10/01/2008","New Haven","351 TOWNSEND AV",156590,243,0.644403292,"Single Family","Single Family","","","","",223.7
80705,2008,"06/25/2009","New Haven","118 LAMBERTON ST",87220,38,2.295263158,"Single Family","Single Family","13 - Bankrupcy","","","",124.6
80485,2008,"03/05/2009","New Haven","150 EVERIT ST# A",122640,171,0.717192982,"Single Family","Single Family","","","","",175.2
80651,2008,"06/10/2009","New Haven","95 LENOX ST#J",83860,108,0.776481481,"Single Family","Single Family","","","","POINT (-72.88809 41.3023)",119.8
80465,2008,"02/12/2009","New Haven","4 MANSION ST",158270,235,0.673489362,"Single Family","Single Family","","","","",226.1
80192,2008,"12/15/2008","New Haven","166 HALL ST",138390,170,0.814058824,"Single Family","Single Family","10 - A Will","","","",197.7
80019,2008,"10/08/2008","New Haven","7 FREDERICK ST",133280,123.6,1.078317152,"Single Family","Single Family","13 - Bankrupcy","","","",190.4
80046,2008,"10/20/2008","New Haven","127 FOXON HILL RD",154350,217,0.711290323,"Single Family","Single Family","","","","",220.5
80068,2008,"10/29/2008","New Haven","519 RUSSELL ST",103950,80,1.299375,"Single Family","Single Family","25 - Other","BELOW MARKET","","",148.5
80440,2008,"01/28/2009","New Haven","333 TOWNSEND AV",139510,200,0.69755,"Single Family","Single Family","","","","",199.3
80180,2008,"12/09/2008","New Haven","83 WINTHROP AV",84350,116.476,0.724183523,"Single Family","Single Family","14 - Foreclosure","","","POINT (-72.94502 41.30347)",120.5
80105,2008,"11/13/2008","New Haven","112 IRVINGTON ST",103950,146.315,0.710453474,"Single Family","Single Family","14 - Foreclosure","","","POINT (-72.88795 41.2902)",148.5
80354,2008,"04/20/2009","New Haven","58 SHERMAN AV",110460,57.75,1.912727273,"Single Family","Single Family","13 - Bankrupcy","","","",157.8
80063,2008,"10/27/2008","New Haven","243 STARR ST",74830,175,0.4276,"Single Family","Single Family","","","","",106.9
80363,2008,"04/22/2009","New Haven","113 READ ST",93030,145,0.641586207,"Single Family","Single Family","","","","",132.9
80084,2008,"11/03/2008","New Haven","41 MARKET ST",103460,120,0.862166667,"Single Family","Single Family","","","","",147.8
80054,2008,"10/22/2008","New Haven","85 PORTER ST",58520,59.9,0.976961603,"Single Family","Single Family","13 - Bankrupcy","","","",83.6
80545,2008,"04/16/2009","New Haven","1619 QUINNIPIAC AV",122780,81,1.515802469,"Single Family","Single Family","13 - Bankrupcy","","","",175.4
80224,2008,"12/30/2008","New Haven","88 HAZEL ST",48790,180,0.271055556,"Single Family","Single Family","25 - Other","RENOVATIONS","","",69.7
80533,2008,"04/08/2009","New Haven","717 WOODWARD AV",128380,90,1.426444444,"Single Family","Single Family","13 - Bankrupcy","","","",183.4
80187,2008,"12/11/2008","New Haven","37 ROCK CREEK RD",91560,131.5,0.696273764,"Single Family","Single Family","","","","",130.8
80429,2008,"01/13/2009","New Haven","50 ASYLUM ST",86730,40,2.16825,"Single Family","Single Family","25 - Other","BELOW MARKET","","",123.9
80644,2008,"06/08/2009","New Haven","730 CONGRESS AV",94850,35,2.71,"Single Family","Single Family","13 - Bankrupcy","","","",135.5
80103,2008,"11/12/2008","New Haven","279 DAVENPORT AV",93030,50,1.8606,"Single Family","Single Family","13 - Bankrupcy","","","",132.9
80694,2008,"06/23/2009","New Haven","367 WOODWARD AV",152670,116.1,1.31498708,"Single Family","Single Family","13 - Bankrupcy","","","",218.1
80667,2008,"06/15/2009","New Haven","287 GREENE ST#G-5",114520,229,0.500087336,"Single Family","Single Family","","","","",163.6
80433,2008,"01/26/2009","New Haven","55 HURLBURT ST",93520,38,2.461052632,"Single Family","Single Family","13 - Bankrupcy","","","",133.6
80911,2008,"08/12/2009","New Haven","143 EASTERN ST",117180,86,1.36255814,"Single Family","Single Family","13 - Bankrupcy","","","POINT (-72.8737 41.31026)",167.4
80025,2008,"10/10/2008","New Haven","18 BEVERLY RD",132790,179.9,0.738132296,"Single Family","Single Family","","","","",189.7
80165,2008,"12/03/2008","New Haven","441 MIDDLETOWN AV#3",158200,191.5,0.826109661,"Single Family","Single Family","","","","",226
80522,2008,"03/31/2009","New Haven","9 MEADOW VIEW ST",147490,170,0.867588235,"Single Family","Single Family","","","","",210.7
80873,2008,"08/03/2009","New Haven","22 WEYBOSSET ST",121380,155,0.783096774,"Single Family","Single Family","","","","",173.4
80892,2008,"08/06/2009","New Haven","107 HUNTINGTON RD",144830,180,0.804611111,"Single Family","Single Family","","","","",206.9
80588,2008,"05/22/2009","New Haven","30 BEVERLY RD",164640,182,0.904615385,"Single Family","Single Family","13 - Bankrupcy","","","",235.2
80513,2008,"03/26/2009","New Haven","28 POPE ST",154700,175,0.884,"Single Family","Single Family","","","","",221
80800,2008,"07/16/2009","New Haven","315 BELLEVUE RD",149170,285,0.523403509,"Single Family","Single Family","25 - Other","DUPLICATE SALE - 80789","","",213.1
80246,2008,"01/13/2009","New Haven","56 ASYLUM ST",83930,40,2.09825,"Single Family","Single Family","25 - Other","BELOW MARKET","","",119.9
80680,2008,"06/17/2009","New Haven","47 MILLER ST",84980,37,2.296756757,"Single Family","Single Family","13 - Bankrupcy","","","",121.4
80254,2008,"01/16/2009","New Haven","71 LOMBARD ST",108710,75,1.449466667,"Single Family","Single Family","13 - Bankrupcy","","","",155.3
80380,2008,"04/28/2009","New Haven","1267 QUINNIPIAC AV",128940,55,2.344363636,"Single Family","Single Family","13 - Bankrupcy","","","",184.2
80999,2008,"09/02/2009","New Haven","253 CONCORD ST",125510,62,2.024354839,"Single Family","Single Family","13 - Bankrupcy","","","",179.3
80660,2008,"06/12/2009","New Haven","1425 QUINNIPIAC AV#311",99190,70,1.417,"Single Family","Single Family","13 - Bankrupcy","","","",141.7
80856,2008,"07/31/2009","New Haven","20 GREEN HILL TER",127680,202,0.632079208,"Single Family","Single Family","","","","",182.4
80476,2008,"02/27/2009","New Haven","304 PROSPECT ST",162750,220,0.739772727,"Single Family","Single Family","13 - Bankrupcy","","","",232.5
80613,2008,"05/29/2009","New Haven","1274 FOREST RD",144830,180,0.804611111,"Single Family","Single Family","","","","POINT (-72.96828 41.32667)",206.9
80772,2008,"07/09/2009","New Haven","108 FREDERICK ST",166880,94,1.775319149,"Single Family","Single Family","13 - Bankrupcy","","","",238.4
80534,2008,"04/09/2009","New Haven","174 HAZEL ST",102550,150,0.683666667,"Single Family","Single Family","01 - Family","","","",146.5
80852,2008,"07/30/2009","New Haven","116 LOMBARD ST",88410,103.268,0.856121935,"Single Family","Single Family","13 - Bankrupcy","","","",126.3
81005,2008,"09/03/2009","New Haven","1425 QUINNIPIAC AV# 104",86170,87,0.99045977,"Single Family","Single Family","","","","",123.1
80529,2008,"04/03/2009","New Haven","421 GREENWICH AV",84560,40,2.114,"Single Family","Single Family","13 - Bankrupcy","","","",120.8
80148,2008,"11/26/2008","New Haven","466 MIDDLETOWN AV 30",61460,60,1.024333333,"Single Family","Single Family","13 - Bankrupcy","","","",87.8
81025,2008,"09/10/2009","New Haven","152 CURTIS DR",159810,177,0.902881356,"Single Family","Single Family","","","","",228.3
80991,2008,"09/01/2009","New Haven","1 FRONT ST# 200",89180,154,0.579090909,"Single Family","Single Family","","","","",127.4
80647,2008,"06/09/2009","New Haven","94 DORMAN ST",103250,90,1.147222222,"Single Family","Single Family","13 - Bankrupcy","","","",147.5
80710,2008,"06/25/2009","New Haven","113 SENECA RD",174020,162,1.074197531,"Single Family","Single Family","","","","",248.6
81058,2008,"09/22/2009","New Haven","134 BURWELL ST",121800,116.7,1.043701799,"Single Family","Single Family","13 - Bankrupcy","","","POINT (-72.88895 41.29368)",174
80161,2008,"12/02/2008","New Haven","71 HALL ST",166950,195,0.856153846,"Single Family","Single Family","13 - Bankrupcy","","","",238.5
80968,2008,"08/26/2009","New Haven","125 CROFTON ST",110320,112.9,0.977147919,"Single Family","Single Family","13 - Bankrupcy","","","",157.6
80899,2008,"08/07/2009","New Haven","40 FLORENCE AV",162820,213,0.764413146,"Single Family","Single Family","","","","",232.6
80896,2008,"08/07/2009","New Haven","21 FAIRVIEW",163170,149,1.095100671,"Single Family","Single Family","10 - A Will","","","",233.1
80424,2008,"01/05/2009","New Haven","599 FOUNTAIN ST",168280,148,1.137027027,"Single Family","Single Family","13 - Bankrupcy","","","",240.4
80983,2008,"08/31/2009","New Haven","8 RUSSO TER",148680,215,0.691534884,"Single Family","Single Family","","","","POINT (-72.87521 41.3074)",212.4
80083,2008,"11/03/2008","New Haven","19 FIRST AV",137480,140,0.982,"Single Family","Single Family","","","","",196.4
80293,2008,"02/11/2009","New Haven","194 WEYBOSSET ST",115920,175,0.6624,"Single Family","Single Family","","","","POINT (-72.87271 41.33123)",165.6
80097,2008,"11/07/2008","New Haven","575 WINTHROP AV",116690,66,1.768030303,"Single Family","Single Family","13 - Bankrupcy","","","",166.7
80598,2008,"05/27/2009","New Haven","257 LENOX ST",137060,10.8,12.69074074,"Single Family","Single Family","25 - Other","BELOW MARKET","","",195.8
80915,2008,"08/13/2009","New Haven","28 TROCK HILL RD",132720,207,0.64115942,"Single Family","Single Family","","","","",189.6
80935,2008,"08/18/2009","New Haven","435 BELLEVUE RD",149030,150,0.993533333,"Single Family","Single Family","13 - Bankrupcy","","","",212.9
80689,2008,"06/22/2009","New Haven","285 UPSON TER",163240,227.5,0.717538462,"Single Family","Single Family","10 - A Will","","","",233.2
80945,2008,"08/20/2009","New Haven","78 DANIEL DR",133560,180.2,0.741176471,"Single Family","Single Family","","","","POINT (-72.86788 41.3231)",190.8
80700,2008,"06/23/2009","New Haven","176 GLEN VIEW TER",111230,96.5,1.152642487,"Single Family","Single Family","13 - Bankrupcy","","","",158.9
80321,2008,"03/09/2009","New Haven","42 GREENWOOD ST",78400,43,1.823255814,"Single Family","Single Family","13 - Bankrupcy","","","",112
80804,2008,"07/16/2009","New Haven","LIGHTHOUSE RD",135030,250,0.54012,"Single Family","Single Family","","","","",192.9
80930,2008,"08/17/2009","New Haven","128 CRESCENT ST",137970,143,0.964825175,"Single Family","Single Family","","","","",197.1
80921,2008,"08/14/2009","New Haven","35 STEVENS ST",92400,27,3.422222222,"Single Family","Single Family","13 - Bankrupcy","","","",132
80501,2008,"03/18/2009","New Haven","45 WILLIS ST",102760,45.9,2.238779956,"Single Family","Single Family","13 - Bankrupcy","","","",146.8
80650,2008,"06/10/2009","New Haven","34 BEVERLY RD",147700,185,0.798378378,"Single Family","Single Family","","","","",211
80242,2008,"01/09/2009","New Haven","26 LONG HILL TER",153020,185,0.827135135,"Single Family","Single Family","","","","",218.6
81064,2008,"09/25/2009","New Haven","25 WINTHROP AV",79030,38,2.079736842,"Single Family","Single Family","25 - Other","BELOW MARKET","","",112.9
80936,2008,"08/13/2009","New Haven","6 RUSSO TER",161210,250,0.64484,"Single Family","Single Family","","","","",230.3
80815,2008,"07/22/2009","New Haven","728 RUSSELL ST",105070,140,0.7505,"Single Family","Single Family","","","","",150.1
80836,2008,"07/27/2009","New Haven","158 PORTER ST",100240,62,1.616774194,"Single Family","Single Family","13 - Bankrupcy","","","",143.2
80182,2008,"12/09/2008","New Haven","15 COLBY CT",166460,75.5,2.204768212,"Single Family","Single Family","13 - Bankrupcy","","","",237.8
80263,2008,"01/20/2009","New Haven","52 NASH ST",151480,50,3.0296,"Single Family","Single Family","25 - Other","BELOW MARKET","","",216.4
80726,2008,"06/29/2009","New Haven","190 CLIFTON ST",111370,95,1.172315789,"Single Family","Single Family","25 - Other","BELOW MARKET","","",159.1
80435,2008,"01/26/2009","New Haven","1423 QUINNIPIAC AV# 116",88270,108,0.817314815,"Single Family","Single Family","10 - A Will","","","",126.1
80562,2008,"05/13/2009","New Haven","101 CONCORD ST",138250,210,0.658333333,"Single Family","Single Family","","","","",197.5
80962,2008,"08/26/2009","New Haven","1800 DEAN ST",167440,139,1.204604317,"Single Family","Single Family","13 - Bankrupcy","","","",239.2
80574,2008,"05/15/2009","New Haven","539 RUSSELL ST",145320,197,0.737664975,"Single Family","Single Family","","","","",207.6
80876,2008,"08/04/2009","New Haven","45 SPRINGSIDE AV",81270,12.5,6.5016,"Single Family","Single Family","25 - Other","BELOW MARKET","","POINT (-72.9555 41.32992)",116.1
80113,2008,"11/14/2008","New Haven","394 SUMMIT ST",123970,83.5,1.484670659,"Single Family","Single Family","13 - Bankrupcy","","","",177.1
81022,2008,"09/09/2009","New Haven","146 LAMBERTON ST",96110,50,1.9222,"Single Family","Single Family","13 - Bankrupcy","","","",137.3
81076,2008,"09/30/2009","New Haven","1224 DEANN ST",172550,149.35,1.155339806,"Single Family","Single Family","25 - Other","BELOW MARKET","","",246.5
80128,2008,"11/20/2008","New Haven","37 BURR ST",129990,159.9,0.812945591,"Single Family","Single Family","13 - Bankrupcy","","","",185.7
80379,2008,"04/28/2009","New Haven","80 PECK ST",130830,180,0.726833333,"Single Family","Single Family","","","","",186.9
81032,2008,"09/11/2009","New Haven","280 DAVENPORT AV",91000,23.8,3.823529412,"Single Family","Single Family","13 - Bankrupcy","","","",130
80436,2008,"01/27/2009","New Haven","539 RUSSELL ST",145320,105,1.384,"Single Family","Single Family","10 - A Will","","","",207.6
80967,2008,"08/26/2009","New Haven","19 BEVERLY RD",138110,175,0.7892,"Single Family","Single Family","","","","POINT (-72.97996 41.33061)",197.3
80807,2008,"07/17/2009","New Haven","1455 QUINNIPIAC AV",131320,95,1.382315789,"Single Family","Single Family","25 - Other","BELOW MARKET","","",187.6
80617,2008,"06/01/2009","New Haven","120 EDWARDS ST UNIT 3",162540,250,0.65016,"Single Family","Single Family","","","","",232.2
80849,2008,"07/30/2009","New Haven","106 ESSEX ST",119210,70,1.703,"Single Family","Single Family","13 - Bankrupcy","","","",170.3
80392,2008,"04/30/2009","New Haven","177 DIVISION ST",152250,142,1.072183099,"Single Family","Single Family","13 - Bankrupcy","","","",217.5
80531,2008,"04/08/2009","New Haven","83 WINTHROP AV",84350,33.5,2.517910448,"Single Family","Single Family","13 - Bankrupcy","","","POINT (-72.94502 41.30347)",120.5
80035,2008,"10/15/2008","New Haven","360 FRONT ST",107590,137,0.785328467,"Single Family","Single Family","14 - Foreclosure","","","",153.7
80931,2008,"08/17/2009","New Haven","11 NELSON ST",135030,199.5,0.676842105,"Single Family","Single Family","","","","",192.9
80649,2008,"06/09/2009","New Haven","441 MIDDLETOWN AV#6",158200,122,1.296721311,"Single Family","Single Family","13 - Bankrupcy","","","POINT (-72.87723 41.3288)",226
80789,2008,"07/16/2009","New Haven","315 BELLEVUE RD",149170,285,0.523403509,"Single Family","Single Family","","","","",213.1
80653,2008,"06/10/2009","New Haven","33 AUBURN ST",93800,33,2.842424242,"Single Family","Single Family","13 - Bankrupcy","","","",134
80752,2008,"07/02/2009","New Haven","255 FORT HALE RD",169680,213,0.796619718,"Single Family","Single Family","","","","",242.4
80131,2008,"11/20/2008","New Haven","24 LANCRAFT ST",100030,100,1.0003,"Single Family","Single Family","13 - Bankrupcy","","","POINT (-72.89309 41.29847)",142.9
80474,2008,"02/26/2009","New Haven","22 MANSION ST",151270,130,1.163615385,"Single Family","Single Family","13 - Bankrupcy","","","",216.1
80714,2008,"06/26/2009","New Haven","1434 QUINNIPIAC AV",108010,153,0.705947712,"Single Family","Single Family","10 - A Will","","","",154.3
80825,2008,"07/24/2009","New Haven","393 BURR ST",154350,151,1.02218543,"Single Family","Single Family","10 - A Will","","","",220.5
80875,2008,"08/04/2009","New Haven","44 WEST PROSPECT ST",168280,225,0.747911111,"Single Family","Single Family","","","","POINT (-72.97205 41.32839)",240.4
80688,2008,"06/19/2009","New Haven","1250 WHALLEY AV",113330,147.5,0.768338983,"Single Family","Single Family","","","","POINT (-72.97156 41.33023)",161.9
80507,2008,"03/24/2009","New Haven","97 LONG HILL TER",144410,172,0.839593023,"Single Family","Single Family","","","","",206.3
81011,2008,"09/04/2009","New Haven","30 CHESTER ST",122500,190,0.644736842,"Single Family","Single Family","","","","",175
80802,2008,"07/16/2009","New Haven","667 WINTHROP AV",109480,170,0.644,"Single Family","Single Family","","","","",156.4
80096,2008,"11/07/2008","New Haven","62 DELL DR",133280,170,0.784,"Single Family","Single Family","","","","",190.4
80817,2008,"07/22/2009","New Haven","15 WILSON ST",124810,85.74,1.455679963,"Single Family","Single Family","13 - Bankrupcy","","","",178.3
80862,2008,"08/03/2009","New Haven","328 MARION ST",145600,220,0.661818182,"Single Family","Single Family","","","","",208
80549,2008,"05/08/2009","New Haven","731 GRAND AV",107870,60,1.797833333,"Single Family","Single Family","13 - Bankrupcy","","","",154.1
80693,2008,"06/22/2009","New Haven","334 CONCORD ST",172900,192,0.900520833,"Single Family","Single Family","","","","",247
80273,2008,"01/27/2009","New Haven","20 & 24 DOWNES ST",89880,80,1.1235,"Single Family","Single Family","16 - Charitable Group","","","",128.4
80952,2008,"08/24/2009","New Haven","42 FOURTH ST",91630,128.75,0.71168932,"Single Family","Single Family","","","","",130.9
80851,2008,"07/30/2009","New Haven","22 STEVENS ST",91070,65.53,1.389745155,"Single Family","Single Family","13 - Bankrupcy","","","",130.1
80639,2008,"06/05/2009","New Haven","127 GREENHILL TER",129780,178,0.729101124,"Single Family","Single Family","","","","",185.4
80589,2008,"05/22/2009","New Haven","125 LOWIN AV",156520,140,1.118,"Single Family","Single Family","13 - Bankrupcy","","","",223.6
80953,2008,"08/24/2009","New Haven","162 PORTER ST",105560,61,1.730491803,"Single Family","Single Family","10 - A Will","","","POINT (-72.95127 41.3075)",150.8
80191,2008,"12/15/2008","New Haven","88 LAWNCREST RD",149590,105,1.424666667,"Single Family","Single Family","01 - Family","","","",213.7
80411,2008,"05/04/2009","New Haven","19 STEVENS ST",82040,25,3.2816,"Single Family","Single Family","13 - Bankrupcy","","","",117.2
81063,2008,"09/25/2009","New Haven","345 SUMMIT ST",160790,206,0.780533981,"Single Family","Single Family","01 - Family","","","",229.7
80920,2008,"08/14/2009","New Haven","194 DOVER ST",128940,34.7,3.715850144,"Single Family","Single Family","13 - Bankrupcy","","","",184.2
80217,2008,"12/26/2008","New Haven","28 CHATHAM ST",122920,240,0.512166667,"Single Family","Single Family","","","","",175.6
80652,2008,"06/10/2009","New Haven","441 FOUNTAIN ST",149030,125.9,1.183717236,"Single Family","Single Family","13 - Bankrupcy","","","",212.9
80249,2008,"01/16/2009","New Haven","54 ASYLUM ST",140280,50,2.8056,"Single Family","Single Family","25 - Other","BELOW MARKET","","",200.4
81055,2008,"09/21/2009","New Haven","172 BASSETT ST",82180,20,4.109,"Single Family","Single Family","13 - Bankrupcy","","","",117.4
81077,2008,"09/30/2009","New Haven","38 LEY ST",166390,200,0.83195,"Single Family","Single Family","","","","",237.7
80287,2008,"02/20/2009","New Haven","1317 QUINNIPIAC AV",111230,160,0.6951875,"Single Family","Single Family","","","","",158.9
80121,2008,"11/19/2008","New Haven","225 GREENWICH AV",91700,170,0.539411765,"Single Family","Single Family","","","","POINT (-72.93223 41.28565)",131
80542,2008,"04/14/2009","New Haven","76 HOUSTON ST",93800,165,0.568484848,"Single Family","Single Family","","","","",134
80906,2008,"08/11/2009","New Haven","50 DERBY AV",138110,81.375,1.697204301,"Single Family","Single Family","13 - Bankrupcy","","","",197.3
80536,2008,"04/09/2009","New Haven","30 CHAMBERLAIN PL",84350,45,1.874444444,"Single Family","Single Family","13 - Bankrupcy","","","POINT (-72.89572 41.29441)",120.5
80012,2008,"10/03/2008","New Haven","130 HUNTINGTON AV",119210,136.5,0.873333333,"Single Family","Single Family","01 - Family","","","",170.3
80305,2008,"02/26/2009","New Haven","62 KENNY DR",129570,155,0.835935484,"Single Family","Single Family","","","","",185.1
80898,2008,"08/07/2009","New Haven","233 LEXINGTON AV",106470,149.9,0.710273516,"Single Family","Single Family","","","","",152.1
80237,2008,"01/07/2009","New Haven","230 HEMLOCK RD",147700,80,1.84625,"Single Family","Single Family","25 - Other","BELOW MARKET","","",211
80158,2008,"12/01/2008","New Haven","303 DYER ST",96670,134,0.72141791,"Single Family","Single Family","10 - A Will","","","",138.1
80413,2008,"05/05/2009","New Haven","321 WOODWARD AV",142730,220.25,0.648036322,"Single Family","Single Family","","","","POINT (-72.89867 41.27772)",203.9
80758,2008,"07/02/2009","New Haven","135 BLATCHLEY AV",94430,46,2.052826087,"Single Family","Single Family","13 - Bankrupcy","","","",134.9
80841,2008,"07/28/2009","New Haven","194 ROSEWOOD AV",98420,95,1.036,"Single Family","Single Family","","","","",140.6
80809,2008,"07/20/2009","New Haven","237 VIEW ST",94010,80.1,1.173657928,"Single Family","Single Family","13 - Bankrupcy","","","POINT (-72.90157 41.32101)",134.3
80280,2008,"01/30/2009","New Haven","391 POPLAR ST",84140,26,3.236153846,"Single Family","Single Family","13 - Bankrupcy","","","",120.2
80640,2008,"06/08/2009","New Haven","221 STARR ST",119770,20,5.9885,"Single Family","Single Family","13 - Bankrupcy","","","POINT (-72.93045 41.32797)",171.1
80341,2008,"04/09/2009","New Haven","432 HUNTINGTON ST",81830,30,2.727666667,"Single Family","Single Family","13 - Bankrupcy","","","",116.9
80186,2008,"12/11/2008","New Haven","4 PEQUOT ST",103250,103,1.002427184,"Single Family","Single Family","","","","",147.5
80081,2008,"11/03/2008","New Haven","411 ELLSWORTH AV",96740,46,2.103043478,"Single Family","Single Family","13 - Bankrupcy","","","",138.2
80696,2008,"06/23/2009","New Haven","92 SOUND VIEW TER",158550,275,0.576545455,"Single Family","Single Family","","","","",226.5
80824,2008,"07/24/2009","New Haven","169 PORTER ST",99890,126,0.792777778,"Single Family","Single Family","","","","POINT (-72.95129 41.30768)",142.7
80987,2008,"09/01/2009","New Haven","45 GREEN HILL TER",131740,170,0.774941176,"Single Family","Single Family","","","","POINT (-72.98131 41.33163)",188.2
80994,2008,"09/02/2009","New Haven","332 PROSPECT AV",129430,165,0.784424242,"Single Family","Single Family","","","","",184.9
80144,2008,"11/25/2008","New Haven","71 HALLOCK ST",67919,85.74,0.792150688,"Single Family","Single Family","","","","",97.0271428571429
80941,2008,"08/19/2009","New Haven","337 POPLAR ST",110110,23.1,4.766666667,"Single Family","Single Family","13 - Bankrupcy","","","",157.3
80699,2008,"06/23/2009","New Haven","338 FRONT ST",148470,142,1.04556338,"Single Family","Single Family","13 - Bankrupcy","","","",212.1
80309,2008,"03/05/2009","New Haven","86 WOOLSEY ST",129640,62.5,2.07424,"Single Family","Single Family","13 - Bankrupcy","","","",185.2
80637,2008,"06/05/2009","New Haven","59 REVERE ST",144200,179.9,0.80155642,"Single Family","Single Family","","","","",206
80843,2008,"07/29/2009","New Haven","96 EMERSON ST",116900,92.011,1.270500266,"Single Family","Single Family","13 - Bankrupcy","","","",167
80133,2008,"11/21/2008","New Haven","312 ROSEWOOD AV 12",86100,132,0.652272727,"Single Family","Single Family","","","","",123
80178,2008,"12/09/2008","New Haven","645 WINTHROP AV",122430,154,0.795,"Single Family","Single Family","","","","POINT (-72.94141 41.32243)",174.9
80490,2008,"03/12/2009","New Haven","109 BROOKLAWN CIR",149730,180,0.831833333,"Single Family","Single Family","","","","",213.9
80972,2008,"08/28/2009","New Haven","141 CONCORD ST",124740,120,1.0395,"Single Family","Single Family","25 - Other","BELOW MARKET","","",178.2
81065,2008,"09/25/2009","New Haven","200 QUINNIPIAC AV",106680,62,1.720645161,"Single Family","Single Family","13 - Bankrupcy","","","",152.4
80372,2008,"04/24/2009","New Haven","728 RUSSELL ST",105070,58,1.811551724,"Single Family","Single Family","13 - Bankrupcy","","","",150.1
80665,2008,"06/15/2009","New Haven","134 UPSON TER",144970,245,0.591714286,"Single Family","Single Family","","","","POINT (-72.89396 41.28024)",207.1
80458,2008,"02/05/2009","New Haven","81 MORRIS ST",85890,25,3.4356,"Single Family","Single Family","25 - Other","BELOW MARKET","","",122.7
80713,2008,"06/25/2009","New Haven","54 DELL DR",130340,190.5,0.684199475,"Single Family","Single Family","","","","",186.2
80496,2008,"03/13/2009","New Haven","651 WOODWARD AV",112210,204,0.55004902,"Single Family","Single Family","","","","",160.3
80058,2008,"10/23/2008","New Haven","84 HUDSON ST",61040,141.7,0.430769231,"Single Family","Single Family","25 - Other","PROPERTY IMPROVEMENTS? PURCHASED FOR 30,000","","",87.2
80459,2008,"02/05/2009","New Haven","85 SHERMAN AV",108710,153.28,0.709224948,"Single Family","Single Family","14 - Foreclosure","","","",155.3
80181,2008,"12/09/2008","New Haven","23 MORRIS ST",80640,45,1.792,"Single Family","Single Family","13 - Bankrupcy","","","",115.2
80349,2008,"04/17/2009","New Haven","13 GREEN HILL TER",113960,97.5,1.168820513,"Single Family","Single Family","13 - Bankrupcy","","","",162.8
81056,2008,"09/22/2009","New Haven","85 BROOKLAWN CIR",156030,142,1.098802817,"Single Family","Single Family","","","","",222.9
80462,2008,"02/09/2009","New Haven","1102 TOWNSEND AV",151340,185,0.818054054,"Single Family","Single Family","","","","",216.2
80271,2008,"01/26/2009","New Haven","145 HALL ST",139090,182.5,0.762136986,"Single Family","Single Family","","","","POINT (-72.89148 41.27228)",198.7
80984,2008,"08/31/2009","New Haven","90 GREEN HILL TER",133630,159.5,0.837805643,"Single Family","Single Family","","","","",190.9
80446,2008,"01/30/2009","New Haven","138 FRONT ST",102550,150,0.683666667,"Single Family","Single Family","","","","",146.5
80276,2008,"01/27/2009","New Haven","539 RUSSELL ST",145320,105,1.384,"Single Family","Single Family","10 - A Will","","","",207.6
80226,2008,"12/30/2008","New Haven","328 BLATCHLEY AV",92610,60,1.5435,"Single Family","Single Family","10 - A Will","","","",132.3
80332,2008,"03/30/2009","New Haven","158 HALL ST",143500,164,0.875,"Single Family","Single Family","","","","",205
80013,2008,"10/07/2008","New Haven","432 HUNTINGTON ST",81830,45.619,1.79377014,"Single Family","Single Family","14 - Foreclosure","","","",116.9
80716,2008,"06/26/2009","New Haven","113 HUNTINGTON AV",142660,149.3,0.955525787,"Single Family","Single Family","","","","",203.8
80348,2008,"04/17/2009","New Haven","58 SHELTON AV",110320,50,2.2064,"Single Family","Single Family","13 - Bankrupcy","","","",157.6
80757,2008,"07/02/2009","New Haven","394 SUMMIT ST",123970,142,0.873028169,"Single Family","Single Family","","","","",177.1
80142,2008,"11/24/2008","New Haven","1889 ELLA T GRASSO BLVD",167440,217.5,0.76983908,"Single Family","Single Family","","","","",239.2
80040,2008,"10/17/2008","New Haven","22 HILLTOP RD",116550,50,2.331,"Single Family","Single Family","13 - Bankrupcy","","","",166.5
81050,2008,"09/18/2009","New Haven","97 PORTER ST",88620,30.072,2.946927374,"Single Family","Single Family","13 - Bankrupcy","","","",126.6
80775,2008,"07/10/2009","New Haven","32 CHAMBERS ST",152530,227.9,0.669284774,"Single Family","Single Family","","","","",217.9
80831,2008,"07/27/2009","New Haven","813 RUSSELL ST",107380,65,1.652,"Single Family","Single Family","13 - Bankrupcy","","","POINT (-72.8747 41.31377)",153.4
80735,2008,"06/30/2009","New Haven","57 WINCHESTER AV",149590,175,0.8548,"Single Family","Single Family","","","","",213.7
80218,2008,"12/26/2008","New Haven","95 TERRACE ST",101360,106,0.956226415,"Single Family","Single Family","10 - A Will","","","",144.8
80334,2008,"03/31/2009","New Haven","76 WOODWARD AV",127960,62.5,2.04736,"Single Family","Single Family","10 - A Will","","","",182.8
80728,2008,"06/29/2009","New Haven","14 ORCHARD ST",91000,19,4.789473684,"Single Family","Single Family","19 - Easement","","","POINT (-72.94147 41.30204)",130
80006,2008,"10/01/2008","New Haven","332 WINTHROP AV",155400,80,1.9425,"Single Family","Single Family","13 - Bankrupcy","","","",222
80425,2008,"01/06/2009","New Haven","56 HUNTINGTON RD# 3",91070,94.8,0.960654008,"Single Family","Single Family","13 - Bankrupcy","","","POINT (-72.88999 41.2806)",130.1
80956,2008,"08/24/2009","New Haven","80 WOODWARD AV",134050,52.5,2.553333333,"Single Family","Single Family","10 - A Will","","","",191.5
80974,2008,"08/28/2009","New Haven","153 WOODWARD AV",143710,89.7,1.602118172,"Single Family","Single Family","25 - Other","BELOW MARKET","","",205.3
80975,2008,"08/28/2009","New Haven","32 HOBART ST",151060,200,0.7553,"Single Family","Single Family","01 - Family","","","",215.8
80493,2008,"03/10/2009","New Haven","73 HAZEL ST",95480,47,2.031489362,"Single Family","Single Family","13 - Bankrupcy","","","",136.4
80816,2008,"07/22/2009","New Haven","23 WILSON ST",124740,85.74,1.454863541,"Single Family","Single Family","13 - Bankrupcy","","","POINT (-72.93802 41.29121)",178.2
80998,2008,"09/02/2009","New Haven","52 MONROE ST",124250,34,3.654411765,"Single Family","Single Family","13 - Bankrupcy","","","",177.5
80918,2008,"08/13/2009","New Haven","27 MORRIS ST",99680,110,0.906181818,"Single Family","Single Family","","","","",142.4
80808,2008,"07/20/2009","New Haven","158 POPLAR ST",100240,40,2.506,"Single Family","Single Family","25 - Other","BELOW MARKET","","",143.2
80550,2008,"05/08/2009","New Haven","188 NEWHALL ST",105980,48,2.207916667,"Single Family","Single Family","13 - Bankrupcy","","","",151.4
80369,2008,"04/24/2009","New Haven","154 FRANK ST",67410,50,1.3482,"Single Family","Single Family","10 - A Will","","","",96.3
80957,2008,"08/24/2009","New Haven","95 GIRARD AV",151620,187,0.810802139,"Single Family","Single Family","","","","POINT (-72.89336 41.2695)",216.6
80008,2008,"10/01/2008","New Haven","104 SOUND VIEW TER",156800,300,0.522666667,"Single Family","Single Family","","","","",224
80786,2008,"07/15/2009","New Haven","41 NELSON ST",132090,115,1.148608696,"Single Family","Single Family","13 - Bankrupcy","","","POINT (-72.89169 41.26475)",188.7
80523,2008,"04/01/2009","New Haven","72 PIERPONT ST",93450,40,2.33625,"Single Family","Single Family","13 - Bankrupcy","","","",133.5
80204,2008,"12/19/2008","New Haven","485 ELM ST",107170,205,0.522780488,"Single Family","Single Family","","","","",153.1
81006,2008,"09/03/2009","New Haven","22 MANSION ST",151270,225,0.672311111,"Single Family","Single Family","","","","",216.1
80062,2008,"10/27/2008","New Haven","173 LEXINGTON AV",102830,149.789,0.686499009,"Single Family","Single Family","","","","",146.9
80052,2008,"10/22/2008","New Haven","13 KENNY DR",121380,165,0.735636364,"Single Family","Single Family","","","","POINT (-72.87692 41.32376)",173.4
80094,2008,"11/06/2008","New Haven","67 HIGHVIEW LN",131320,161,0.815652174,"Single Family","Single Family","","","","",187.6
80457,2008,"02/05/2009","New Haven","81 MORRIS ST",85890,16.9,5.082248521,"Single Family","Single Family","13 - Bankrupcy","","","",122.7
80396,2008,"05/01/2009","New Haven","32 READ ST",87010,20,4.3505,"Single Family","Single Family","13 - Bankrupcy","","","",124.3
80566,2008,"05/14/2009","New Haven","16 KINGSWOOD DR",120190,84,1.430833333,"Single Family","Single Family","13 - Bankrupcy","","","",171.7
81046,2008,"09/18/2009","New Haven","195 ATWATER ST",120400,137,0.878832117,"Single Family","Single Family","","","","",172
80409,2008,"05/04/2009","New Haven","14 GOODYEAR ST",83860,41,2.045365854,"Single Family","Single Family","13 - Bankrupcy","","","",119.8
80648,2008,"06/09/2009","New Haven","32 LONG HILL TER",128100,140,0.915,"Single Family","Single Family","13 - Bankrupcy","","","",183
80778,2008,"07/13/2009","New Haven","152 OCEAN VIEW ST",131600,200,0.658,"Single Family","Single Family","","","","",188
80017,2008,"10/07/2008","New Haven","50 MELROSE DR",120610,195,0.618512821,"Single Family","Single Family","","","","POINT (-72.86498 41.33325)",172.3
80743,2008,"07/01/2009","New Haven","359 KNEELAND RD",148680,218,0.682018349,"Single Family","Single Family","","","","POINT (-72.89576 41.28223)",212.4
80238,2008,"01/08/2009","New Haven","230 HEMLOCK RD",147700,80,1.84625,"Single Family","Single Family","10 - A Will","","","",211
80823,2008,"07/23/2009","New Haven","74 SHERLAND AV",119700,115,1.040869565,"Single Family","Single Family","","","","POINT (-72.88245 41.30693)",171
80822,2008,"07/23/2009","New Haven","853 QUINNIPIAC AV",125300,115,1.089565217,"Single Family","Single Family","25 - Other","BELOW MARKET","","",179
80943,2008,"08/17/2009","New Haven","145 COUNTY ST",90370,30.75,2.938861789,"Single Family","Single Family","13 - Bankrupcy","","","POINT (-72.93804 41.31974)",129.1
80408,2008,"05/04/2009","New Haven","24 LANCRAFT ST",100030,118,0.847711864,"Single Family","Single Family","13 - Bankrupcy","","","POINT (-72.89309 41.29847)",142.9
80779,2008,"07/14/2009","New Haven","139 TOWNSEND AV",167020,100,1.6702,"Single Family","Single Family","25 - Other","BELOW MARKET","","POINT (-72.89368 41.26112)",238.6
80577,2008,"05/19/2009","New Haven","99 SHERLAND AV",151130,165,0.915939394,"Single Family","Single Family","01 - Family","","","POINT (-72.88208 41.3077)",215.9
80047,2008,"10/20/2008","New Haven","18 SHEPARD ST",55720,83.74,0.665392883,"Single Family","Single Family","","","","POINT (-72.92907 41.3318)",79.6
80765,2008,"07/08/2009","New Haven","832 SHERMAN AV",154280,60,2.571333333,"Single Family","Single Family","13 - Bankrupcy","","","",220.4
81036,2008,"09/14/2009","New Haven","348 VALLEY ST",112070,33,3.396060606,"Single Family","Single Family","13 - Bankrupcy","","","",160.1
80982,2008,"08/31/2009","New Haven","61 MARKET ST",135100,160,0.844375,"Single Family","Single Family","","","","",193
